vector_id,step,ground_truth,persistence,momentum,weighted-delta,iob-momentum,oref0-synth,captured
TV-001,5,91,91,98,94,96,91,91
TV-001,10,95,91,104,97,100,95,95
TV-001,15,100,91,110,100,104,99,100
TV-001,20,104,91,116,102,108,103,104
TV-001,25,108,91,122,105,112,107,108
TV-001,30,112,91,127,107,115,110,112
TV-001,35,115,91,131,109,119,113,115
TV-001,40,119,91,136,111,122,116,119
TV-001,45,122,91,140,113,124,118,122
TV-001,50,124,91,144,114,127,120,124
TV-001,55,127,91,147,116,129,122,127
TV-001,60,129,91,151,117,131,123,129
TV-002,5,89,89,95,92,94,89,89
TV-002,10,93,89,100,95,98,93,93
TV-002,15,96,89,105,97,101,96,96
TV-002,20,100,89,110,100,105,99,100
TV-002,25,103,89,114,102,108,102,103
TV-002,30,106,89,118,104,111,105,106
TV-002,35,109,89,122,106,114,107,109
TV-002,40,112,89,126,107,117,109,112
TV-002,45,114,89,129,109,119,111,114
TV-002,50,117,89,132,110,121,113,117
TV-002,55,119,89,135,112,124,115,119
TV-002,60,121,89,138,113,126,116,121
TV-004,5,91,91,103,98,100,91,91
TV-004,10,97,91,115,105,108,97,97
TV-004,15,104,91,126,112,115,103,104
TV-004,20,109,91,136,118,122,109,109
TV-004,25,115,91,146,124,128,114,115
TV-004,30,120,91,155,129,134,119,120
TV-004,35,125,91,163,134,140,123,125
TV-004,40,129,91,171,138,145,126,129
TV-004,45,132,91,179,143,150,129,132
TV-004,50,136,91,185,146,154,132,136
TV-004,55,138,91,192,150,158,134,138
TV-004,60,140,91,198,153,161,136,140
TV-005,5,86,86,95,92,93,86,86
TV-005,10,91,86,103,97,99,91,91
TV-005,15,96,86,111,101,104,95,96
TV-005,20,100,86,118,106,110,100,100
TV-005,25,104,86,125,110,115,103,104
TV-005,30,108,86,132,114,119,107,108
TV-005,35,111,86,138,117,123,110,111
TV-005,40,115,86,143,120,127,113,115
TV-005,45,118,86,149,123,131,115,118
TV-005,50,120,86,153,126,134,117,120
TV-005,55,122,86,158,128,137,119,122
TV-005,60,124,86,162,131,140,121,124
TV-006,5,129,129,156,150,152,129,129
TV-006,10,151,129,182,170,173,151,151
TV-006,15,171,129,206,188,192,170,171
TV-006,20,189,129,228,205,210,188,189
TV-006,25,205,129,249,221,226,204,205
TV-006,30,219,129,269,235,241,218,219
TV-006,35,232,129,288,249,255,231,232
TV-006,40,243,129,305,261,267,241,243
TV-006,45,252,129,321,273,279,249,252
TV-006,50,258,129,336,283,289,256,258
TV-006,55,264,129,350,293,299,261,264
TV-006,60,267,129,363,302,307,264,267
TV-007,5,134,134,151,149,151,134,134
TV-007,10,150,134,168,163,166,150,150
TV-007,15,165,134,183,177,181,165,165
TV-007,20,178,134,197,189,194,178,178
TV-007,25,190,134,211,201,206,190,190
TV-007,30,201,134,224,211,217,200,201
TV-007,35,211,134,235,221,227,210,211
TV-007,40,219,134,247,230,237,217,219
TV-007,45,225,134,257,238,245,224,225
TV-007,50,231,134,266,246,253,229,231
TV-007,55,235,134,275,253,260,233,235
TV-007,60,238,134,284,259,267,235,238
TV-008,5,156,156,172,172,173,156,156
TV-008,10,171,156,187,187,190,171,171
TV-008,15,185,156,202,201,205,185,185
TV-008,20,198,156,215,214,219,197,198
TV-008,25,209,156,228,226,231,209,209
TV-008,30,219,156,240,237,243,219,219
TV-008,35,228,156,251,248,254,227,228
TV-008,40,236,156,261,257,263,234,236
TV-008,45,242,156,271,266,272,241,242
TV-008,50,247,156,280,274,280,245,247
TV-008,55,251,156,289,281,288,249,251
TV-008,60,253,156,296,288,294,251,253
TV-009,5,174,174,194,193,194,174,174
TV-009,10,192,174,213,210,212,192,192
TV-009,15,208,174,230,226,228,208,208
TV-009,20,222,174,246,241,243,222,222
TV-009,25,235,174,262,254,257,235,235
TV-009,30,247,174,276,267,270,246,247
TV-009,35,257,174,290,279,282,256,257
TV-009,40,265,174,302,290,293,264,265
TV-009,45,272,174,314,300,302,271,272
TV-009,50,278,174,325,309,311,276,278
TV-009,55,282,174,335,317,319,280,282
TV-009,60,284,174,344,325,326,283,284
TV-010,5,189,189,205,206,207,189,189
TV-010,10,204,189,220,221,223,204,204
TV-010,15,218,189,235,235,237,218,218
TV-010,20,230,189,248,249,251,230,230
TV-010,25,241,189,261,261,264,241,241
TV-010,30,251,189,272,272,275,251,251
TV-010,35,260,189,283,283,285,259,260
TV-010,40,267,189,294,292,295,266,267
TV-010,45,273,189,303,301,304,272,273
TV-010,50,278,189,312,309,312,277,278
TV-010,55,282,189,320,317,319,280,282
TV-010,60,284,189,328,324,325,283,284
TV-011,5,193,193,200,202,203,193,193
TV-011,10,199,193,206,212,213,199,199
TV-011,15,205,193,213,220,222,205,205
TV-011,20,211,193,218,228,231,211,211
TV-011,25,216,193,224,236,239,216,216
TV-011,30,221,193,229,243,246,220,221
TV-011,35,225,193,234,249,252,224,225
TV-011,40,228,193,238,255,258,228,228
TV-011,45,231,193,243,260,264,230,231
TV-011,50,233,193,247,265,269,233,233
TV-011,55,235,193,250,270,273,235,235
TV-011,60,237,193,254,274,277,236,237
TV-012,5,211,211,225,225,226,211,211
TV-012,10,223,211,237,238,239,223,223
TV-012,15,234,211,249,250,251,234,234
TV-012,20,245,211,261,261,262,244,245
TV-012,25,254,211,271,271,273,253,254
TV-012,30,262,211,281,281,282,261,262
TV-012,35,268,211,290,290,291,268,268
TV-012,40,274,211,299,298,299,274,274
TV-012,45,279,211,307,305,306,279,279
TV-012,50,283,211,315,312,312,282,283
TV-012,55,286,211,322,318,318,285,286
TV-012,60,288,211,328,324,324,287,288
TV-013,5,194,194,189,194,194,194,194
TV-013,10,189,194,184,193,194,189,189
TV-013,15,185,194,179,193,195,185,185
TV-013,20,181,194,175,193,195,181,181
TV-013,25,178,194,171,193,195,178,178
TV-013,30,175,194,167,192,195,175,175
TV-013,35,173,194,164,192,195,173,173
TV-013,40,171,194,160,192,196,171,171
TV-013,45,170,194,157,192,196,170,170
TV-013,50,169,194,154,192,196,169,169
TV-013,55,169,194,152,191,196,169,169
TV-013,60,169,194,149,191,197,169,169
TV-014,5,207,207,210,211,212,207,207
TV-014,10,210,207,213,216,216,210,210
TV-014,15,212,207,215,219,220,212,212
TV-014,20,215,207,218,223,224,215,215
TV-014,25,217,207,220,226,228,217,217
TV-014,30,219,207,222,229,231,219,219
TV-014,35,220,207,224,232,234,220,220
TV-014,40,222,207,226,235,236,222,222
TV-014,45,223,207,228,237,239,223,223
TV-014,50,225,207,229,239,241,224,225
TV-014,55,226,207,231,241,243,225,226
TV-014,60,226,207,232,243,245,226,226
TV-015,5,185,185,174,178,178,185,185
TV-015,10,175,185,164,172,172,175,175
TV-015,15,167,185,155,166,167,167,167
TV-015,20,159,185,146,161,162,159,159
TV-015,25,152,185,138,156,157,152,152
TV-015,30,146,185,131,151,153,146,146
TV-015,35,141,185,123,147,150,141,141
TV-015,40,137,185,117,143,146,137,137
TV-015,45,134,185,110,139,143,134,134
TV-015,50,132,185,105,136,141,131,132
TV-015,55,130,185,99,133,138,130,130
TV-015,60,130,185,94,130,136,130,130
TV-016,5,173,173,168,168,168,173,173
TV-016,10,167,173,162,162,162,167,167
TV-016,15,161,173,157,157,158,161,161
TV-016,20,156,173,152,153,153,156,156
TV-016,25,151,173,148,148,149,151,151
TV-016,30,147,173,144,144,146,147,147
TV-016,35,144,173,140,141,142,143,144
TV-016,40,141,173,136,137,139,141,141
TV-016,45,139,173,133,134,137,138,139
TV-016,50,137,173,129,131,134,137,137
TV-016,55,136,173,127,129,132,136,136
TV-016,60,136,173,124,126,130,136,136
TV-017,5,112,112,124,115,116,112,112
TV-017,10,104,112,136,119,120,114,104
TV-017,15,98,112,147,123,124,117,98
TV-017,20,92,112,157,126,128,119,92
TV-017,25,87,112,166,129,131,121,87
TV-017,30,83,112,176,132,134,123,83
TV-017,35,80,112,184,134,137,125,80
TV-017,40,77,112,192,136,140,126,77
TV-017,45,75,112,199,139,142,127,75
TV-017,50,74,112,206,141,144,128,74
TV-017,55,73,112,213,142,146,129,73
TV-017,60,74,112,218,144,148,129,74
TV-018,5,88,88,84,82,84,88,88
TV-018,10,79,88,80,76,79,84,79
TV-018,15,70,88,76,71,75,79,70
TV-018,20,63,88,72,66,72,76,63
TV-018,25,56,88,69,61,69,72,56
TV-018,30,51,88,66,57,66,70,51
TV-018,35,46,88,63,53,63,67,46
TV-018,40,43,88,60,50,61,65,43
TV-018,45,40,88,57,46,59,64,40
TV-018,50,39,88,55,43,57,63,39
TV-018,55,39,88,53,40,55,62,39
TV-018,60,39,88,51,38,54,62,39
TV-019,5,77,77,62,65,67,77,77
TV-019,10,63,77,47,53,58,63,63
TV-019,15,51,77,34,43,49,50,51
TV-019,20,40,77,21,33,41,39,40
TV-019,25,39,77,9,24,39,39,39
TV-019,30,39,77,-2,16,39,39,39
TV-019,35,39,77,-13,8,39,39,39
TV-019,40,39,77,-22,1,39,39,39
TV-019,45,39,77,-31,-6,39,39,39
TV-019,50,39,77,-40,-12,39,39,39
TV-019,55,39,77,-48,-18,39,39,39
TV-019,60,39,77,-55,-23,39,39,39
TV-020,5,197,197,227,223,221,197,197
TV-020,10,209,197,255,246,244,220,209
TV-020,15,219,197,281,268,264,240,219
TV-020,20,228,197,305,289,282,257,228
TV-020,25,236,197,328,307,299,273,236
TV-020,30,243,197,350,325,315,287,243
TV-020,35,249,197,370,341,329,298,249
TV-020,40,253,197,389,356,341,308,253
TV-020,45,257,197,406,370,353,315,257
TV-020,50,260,197,423,382,363,320,260
TV-020,55,261,197,438,394,372,323,261
TV-020,60,261,197,452,404,380,324,261
TV-021,5,180,180,181,186,184,180,180
TV-021,10,181,180,182,191,188,181,181
TV-021,15,182,180,183,196,192,182,182
TV-021,20,182,180,184,201,195,182,182
TV-021,25,182,180,185,205,198,182,182
TV-021,30,182,180,186,209,201,182,182
TV-021,35,182,180,187,213,203,182,182
TV-021,40,182,180,187,216,205,182,182
TV-021,45,181,180,188,220,207,181,181
TV-021,50,180,180,189,223,208,181,180
TV-021,55,180,180,189,225,209,180,180
TV-021,60,179,180,190,228,210,179,179
TV-022,5,209,209,223,224,222,209,209
TV-022,10,220,209,236,237,234,222,220
TV-022,15,230,209,248,250,244,233,230
TV-022,20,238,209,260,262,254,243,238
TV-022,25,246,209,271,272,262,252,246
TV-022,30,252,209,281,282,270,259,252
TV-022,35,258,209,290,292,277,265,258
TV-022,40,262,209,299,300,284,270,262
TV-022,45,265,209,307,308,289,274,265
TV-022,50,267,209,315,315,294,276,267
TV-022,55,268,209,322,322,299,277,268
TV-022,60,268,209,329,328,303,277,268
TV-023,5,188,188,184,189,186,188,188
TV-023,10,184,188,180,189,184,184,184
TV-023,15,181,188,177,189,182,180,181
TV-023,20,177,188,173,189,180,177,177
TV-023,25,173,188,170,189,178,173,173
TV-023,30,170,188,167,189,177,170,170
TV-023,35,167,188,164,189,175,167,167
TV-023,40,164,188,161,189,173,165,164
TV-023,45,162,188,159,189,172,162,162
TV-023,50,159,188,156,189,170,160,159
TV-023,55,157,188,154,189,169,158,157
TV-023,60,155,188,152,189,167,156,155
TV-024,5,173,173,155,162,160,173,173
TV-024,10,156,173,138,153,148,156,156
TV-024,15,141,173,123,144,137,141,141
TV-024,20,127,173,108,136,127,128,127
TV-024,25,114,173,94,128,118,115,114
TV-024,30,103,173,82,121,109,104,103
TV-024,35,92,173,70,114,101,95,92
TV-024,40,83,173,58,108,94,86,83
TV-024,45,75,173,48,103,87,79,75
TV-024,50,68,173,38,98,81,73,68
TV-024,55,62,173,29,93,75,69,62
TV-024,60,57,173,21,89,70,66,57
TV-025,5,181,181,182,181,179,181,181
TV-025,10,179,181,183,181,176,179,179
TV-025,15,177,181,183,181,174,176,177
TV-025,20,174,181,184,181,172,174,174
TV-025,25,172,181,184,181,170,172,172
TV-025,30,170,181,185,181,168,170,170
TV-025,35,168,181,185,181,166,168,168
TV-025,40,166,181,185,181,164,166,166
TV-025,45,164,181,186,181,162,164,164
TV-025,50,162,181,186,181,160,162,162
TV-025,55,160,181,186,181,159,160,160
TV-025,60,159,181,187,181,157,158,159
TV-026,5,146,146,126,130,128,146,146
TV-026,10,127,146,106,116,111,127,127
TV-026,15,110,146,88,102,96,110,110
TV-026,20,93,146,71,89,81,94,93
TV-026,25,78,146,55,77,68,79,78
TV-026,30,64,146,40,67,56,67,64
TV-026,35,52,146,26,56,44,55,52
TV-026,40,40,146,13,47,39,46,40
TV-026,45,39,146,1,39,39,39,39
TV-026,50,39,146,-10,31,39,39,39
TV-026,55,39,146,-21,24,39,39,39
TV-026,60,39,146,-31,17,39,39,39
TV-027,5,148,148,137,138,136,148,148
TV-027,10,138,148,127,129,125,137,138
TV-027,15,128,148,117,120,115,128,128
TV-027,20,119,148,108,113,106,119,119
TV-027,25,111,148,100,105,97,112,111
TV-027,30,104,148,92,99,89,105,104
TV-027,35,97,148,85,93,82,98,97
TV-027,40,91,148,78,87,75,93,91
TV-027,45,86,148,71,82,69,88,86
TV-027,50,81,148,65,77,63,84,81
TV-027,55,78,148,60,72,58,81,78
TV-027,60,75,148,55,68,53,78,75
TV-028,5,142,142,139,137,135,142,142
TV-028,10,136,142,136,131,128,136,136
TV-028,15,130,142,133,127,121,130,130
TV-028,20,125,142,130,122,115,125,125
TV-028,25,120,142,128,118,110,120,120
TV-028,30,115,142,125,114,105,115,115
TV-028,35,111,142,123,110,100,111,111
TV-028,40,107,142,121,107,95,108,107
TV-028,45,104,142,119,104,91,105,104
TV-028,50,101,142,118,101,88,102,101
TV-028,55,99,142,116,99,84,99,99
TV-028,60,97,142,114,97,81,97,97
TV-029,5,95,95,62,69,67,95,95
TV-029,10,65,95,31,44,42,64,65
TV-029,15,39,95,1,21,39,39,39
TV-029,20,39,95,-26,0,39,39,39
TV-029,25,39,95,-52,-20,39,39,39
TV-029,30,39,95,-76,-38,39,39,39
TV-029,35,39,95,-99,-55,39,39,39
TV-029,40,39,95,-120,-70,39,39,39
TV-029,45,39,95,-140,-85,39,39,39
TV-029,50,39,95,-158,-98,39,39,39
TV-029,55,39,95,-175,-110,39,39,39
TV-029,60,39,95,-191,-121,39,39,39
TV-030,5,96,96,81,81,79,96,96
TV-030,10,81,96,66,67,64,81,81
TV-030,15,67,96,53,53,50,67,67
TV-030,20,54,96,40,41,39,55,54
TV-030,25,42,96,28,30,39,44,42
TV-030,30,39,96,17,20,39,39,39
TV-030,35,39,96,7,10,39,39,39
TV-030,40,39,96,-3,1,39,39,39
TV-030,45,39,96,-12,-7,39,39,39
TV-030,50,39,96,-20,-15,39,39,39
TV-030,55,39,96,-28,-22,39,39,39
TV-030,60,39,96,-35,-28,39,39,39
TV-031,5,91,91,88,84,82,91,91
TV-031,10,83,91,85,77,74,83,83
TV-031,15,76,91,83,70,67,76,76
TV-031,20,69,91,80,64,60,69,69
TV-031,25,63,91,78,59,54,63,63
TV-031,30,57,91,76,54,48,58,57
TV-031,35,52,91,74,49,43,54,52
TV-031,40,47,91,72,45,39,50,47
TV-031,45,43,91,70,41,39,46,43
TV-031,50,40,91,68,37,39,44,40
TV-031,55,39,91,67,34,39,42,39
TV-031,60,39,91,66,31,39,40,39
TV-032,5,93,93,93,90,89,93,93
TV-032,10,91,93,93,87,86,91,91
TV-032,15,89,93,93,84,83,89,89
TV-032,20,87,93,93,81,80,87,87
TV-032,25,86,93,93,79,77,86,86
TV-032,30,84,93,93,76,74,85,84
TV-032,35,83,93,92,74,72,83,83
TV-032,40,82,93,92,72,69,82,82
TV-032,45,81,93,92,70,67,81,81
TV-032,50,80,93,92,69,66,81,80
TV-032,55,79,93,92,67,64,80,79
TV-032,60,79,93,92,66,62,79,79
TV-036,5,88,88,103,97,98,88,88
TV-036,10,97,88,118,106,107,97,97
TV-036,15,107,88,132,114,115,106,107
TV-036,20,115,88,145,122,123,115,115
TV-036,25,123,88,157,129,130,122,123
TV-036,30,129,88,168,136,136,128,129
TV-036,35,135,88,179,142,142,134,135
TV-036,40,140,88,189,148,148,138,140
TV-036,45,144,88,198,153,153,142,144
TV-036,50,147,88,207,157,157,144,147
TV-036,55,149,88,215,162,161,146,149
TV-036,60,151,88,223,166,165,147,151
TV-038,5,98,98,113,109,109,98,98
TV-038,10,109,98,127,119,120,109,109
TV-038,15,119,98,140,129,130,119,119
TV-038,20,128,98,152,138,138,128,128
TV-038,25,137,98,164,146,146,136,137
TV-038,30,144,98,175,154,154,143,144
TV-038,35,150,98,185,161,161,149,150
TV-038,40,156,98,195,167,167,154,156
TV-038,45,160,98,203,173,172,158,160
TV-038,50,163,98,212,178,178,161,163
TV-038,55,165,98,219,183,182,163,165
TV-038,60,167,98,226,188,186,163,167
TV-039,5,129,129,160,152,152,129,129
TV-039,10,144,129,190,174,174,151,144
TV-039,15,159,129,218,195,194,171,159
TV-039,20,171,129,245,214,212,189,171
TV-039,25,183,129,270,231,229,205,183
TV-039,30,193,129,293,248,244,220,193
TV-039,35,201,129,314,263,258,232,201
TV-039,40,209,129,335,276,271,241,209
TV-039,45,214,129,354,289,283,249,214
TV-039,50,219,129,371,301,293,255,219
TV-039,55,222,129,388,312,302,259,222
TV-039,60,223,129,403,321,311,261,223
TV-040,5,146,146,167,165,165,146,146
TV-040,10,165,146,187,183,184,165,165
TV-040,15,183,146,206,200,200,183,183
TV-040,20,199,146,224,216,216,199,199
TV-040,25,213,146,240,230,230,213,213
TV-040,30,226,146,256,244,243,226,226
TV-040,35,236,146,271,256,255,236,236
TV-040,40,245,146,284,268,265,245,245
TV-040,45,252,146,297,278,275,252,252
TV-040,50,257,146,309,288,284,257,257
TV-040,55,261,146,320,297,291,261,261
TV-040,60,263,146,330,305,298,262,263
TV-041,5,142,142,146,150,150,142,142
TV-041,10,145,142,149,157,157,145,145
TV-041,15,148,142,152,163,163,148,148
TV-041,20,151,142,155,170,169,151,151
TV-041,25,153,142,157,175,174,153,153
TV-041,30,155,142,160,181,179,155,155
TV-041,35,156,142,162,185,184,156,156
TV-041,40,157,142,165,190,188,157,157
TV-041,45,158,142,167,194,191,158,158
TV-041,50,159,142,168,198,194,159,159
TV-041,55,159,142,170,201,197,159,159
TV-041,60,159,142,172,204,200,159,159
TV-042,5,171,171,189,188,187,171,171
TV-042,10,186,171,206,204,202,186,186
TV-042,15,200,171,222,218,216,200,200
TV-042,20,212,171,236,232,228,212,212
TV-042,25,223,171,250,244,239,223,223
TV-042,30,232,171,264,256,250,232,232
TV-042,35,240,171,276,267,259,240,240
TV-042,40,247,171,287,277,268,247,247
TV-042,45,252,171,298,286,276,252,252
TV-042,50,256,171,308,294,283,256,256
TV-042,55,258,171,317,302,289,258,258
TV-042,60,259,171,326,309,294,259,259
TV-043,5,151,151,146,151,150,151,151
TV-043,10,147,151,143,152,150,147,147
TV-043,15,143,151,139,152,150,143,143
TV-043,20,140,151,136,153,149,140,140
TV-043,25,137,151,133,154,149,137,137
TV-043,30,134,151,130,154,148,135,134
TV-043,35,131,151,127,155,148,133,131
TV-043,40,129,151,124,155,148,131,129
TV-043,45,127,151,122,155,147,129,127
TV-043,50,125,151,120,156,147,127,125
TV-043,55,124,151,118,156,146,126,124
TV-043,60,123,151,116,156,146,125,123
TV-044,5,194,194,217,214,213,194,194
TV-044,10,211,194,238,232,229,211,211
TV-044,15,227,194,258,248,245,227,227
TV-044,20,241,194,276,264,259,241,241
TV-044,25,253,194,294,278,272,253,253
TV-044,30,264,194,310,291,283,263,264
TV-044,35,273,194,326,304,294,273,273
TV-044,40,280,194,340,315,304,280,280
TV-044,45,286,194,353,325,312,286,286
TV-044,50,290,194,366,335,320,290,290
TV-044,55,293,194,377,344,327,292,293
TV-044,60,294,194,388,352,333,293,294
TV-045,5,172,172,171,174,173,172,172
TV-045,10,171,172,171,176,174,171,171
TV-045,15,170,172,170,178,175,171,170
TV-045,20,170,172,170,180,176,170,170
TV-045,25,169,172,169,182,177,169,169
TV-045,30,168,172,169,184,177,169,168
TV-045,35,167,172,169,185,178,168,167
TV-045,40,167,172,168,187,178,168,167
TV-045,45,166,172,168,188,179,167,166
TV-045,50,165,172,168,189,179,166,165
TV-045,55,164,172,167,190,179,165,164
TV-045,60,163,172,167,191,179,165,163
TV-046,5,169,169,159,165,164,169,169
TV-046,10,160,169,151,161,159,160,160
TV-046,15,152,169,142,158,155,152,152
TV-046,20,144,169,134,155,151,145,144
TV-046,25,138,169,127,152,147,138,138
TV-046,30,131,169,120,150,144,132,131
TV-046,35,126,169,114,147,140,127,126
TV-046,40,121,169,108,145,137,123,121
TV-046,45,117,169,102,143,135,119,117
TV-046,50,114,169,97,141,132,116,114
TV-046,55,111,169,92,139,130,114,111
TV-046,60,109,169,88,138,127,112,109
TV-047,5,199,199,219,214,212,199,199
TV-047,10,211,199,237,227,224,211,211
TV-047,15,222,199,254,240,235,222,222
TV-047,20,232,199,270,251,245,231,232
TV-047,25,240,199,286,262,254,240,240
TV-047,30,247,199,300,272,262,247,247
TV-047,35,253,199,313,281,269,253,253
TV-047,40,258,199,325,290,276,258,258
TV-047,45,262,199,337,297,282,262,262
TV-047,50,265,199,348,305,287,264,265
TV-047,55,266,199,358,311,291,266,266
TV-047,60,267,199,367,317,296,266,267
TV-048,5,199,199,208,207,206,199,199
TV-048,10,207,199,218,215,212,206,207
TV-048,15,214,199,226,223,218,213,214
TV-048,20,220,199,234,230,224,220,220
TV-048,25,225,199,242,236,229,225,225
TV-048,30,230,199,249,242,233,229,230
TV-048,35,233,199,255,247,237,233,233
TV-048,40,236,199,262,252,241,236,236
TV-048,45,239,199,267,257,244,238,239
TV-048,50,240,199,273,261,246,240,240
TV-048,55,241,199,278,265,249,240,241
TV-048,60,241,199,282,269,251,240,241
TV-049,5,188,188,181,186,184,188,188
TV-049,10,181,188,174,183,181,181,181
TV-049,15,175,188,168,181,177,175,175
TV-049,20,169,188,162,179,174,169,169
TV-049,25,164,188,156,177,171,164,164
TV-049,30,159,188,151,175,169,159,159
TV-049,35,154,188,146,174,166,155,154
TV-049,40,150,188,141,172,163,151,150
TV-049,45,147,188,137,171,161,148,147
TV-049,50,144,188,133,169,159,145,144
TV-049,55,142,188,129,168,157,143,142
TV-049,60,140,188,126,167,155,141,140
TV-050,5,153,153,126,134,133,153,153
TV-050,10,128,153,101,117,114,128,128
TV-050,15,105,153,77,101,97,106,105
TV-050,20,84,153,55,86,81,85,84
TV-050,25,65,153,34,72,66,67,65
TV-050,30,48,153,14,59,53,51,48
TV-050,35,39,153,-4,47,40,39,39
TV-050,40,39,153,-21,36,39,39,39
TV-050,45,39,153,-37,26,39,39,39
TV-050,50,39,153,-52,17,39,39,39
TV-050,55,39,153,-66,8,39,39,39
TV-050,60,39,153,-79,1,39,39,39
TV-051,5,146,146,130,132,130,146,146
TV-051,10,131,146,114,119,116,131,131
TV-051,15,117,146,100,107,103,117,117
TV-051,20,104,146,86,96,90,104,104
TV-051,25,92,146,74,86,79,93,92
TV-051,30,81,146,62,76,68,82,81
TV-051,35,72,146,51,68,59,73,72
TV-051,40,63,146,40,59,50,66,63
TV-051,45,56,146,30,52,42,60,56
TV-051,50,50,146,21,45,39,55,50
TV-051,55,45,146,13,39,39,51,45
TV-051,60,42,146,5,33,39,48,42
TV-052,5,143,143,138,136,134,143,143
TV-052,10,134,143,134,129,126,134,134
TV-052,15,126,143,129,123,119,126,126
TV-052,20,119,143,125,118,112,119,119
TV-052,25,113,143,122,113,106,113,113
TV-052,30,107,143,118,108,100,107,107
TV-052,35,102,143,115,103,95,102,102
TV-052,40,97,143,112,99,90,98,97
TV-052,45,93,143,109,96,86,94,93
TV-052,50,90,143,107,92,82,91,90
TV-052,55,88,143,104,89,78,89,88
TV-052,60,86,143,102,86,75,87,86
TV-053,5,129,129,119,119,118,129,129
TV-053,10,119,129,109,109,108,119,119
TV-053,15,111,129,100,100,98,111,111
TV-053,20,103,129,91,92,90,103,103
TV-053,25,95,129,83,85,82,96,95
TV-053,30,89,129,76,78,74,89,89
TV-053,35,83,129,69,71,68,84,83
TV-053,40,78,129,62,65,61,79,78
TV-053,45,74,129,56,60,56,75,74
TV-053,50,71,129,50,55,51,72,71
TV-053,55,68,129,45,50,46,69,68
TV-053,60,66,129,40,46,42,68,66
TV-054,5,78,78,40,48,47,78,78
TV-054,10,43,78,4,19,39,43,43
TV-054,15,39,78,-30,-7,39,39,39
TV-054,20,39,78,-62,-31,39,39,39
TV-054,25,39,78,-91,-54,39,39,39
TV-054,30,39,78,-119,-75,39,39,39
TV-054,35,39,78,-145,-95,39,39,39
TV-054,40,39,78,-170,-112,39,39,39
TV-054,45,39,78,-192,-129,39,39,39
TV-054,50,39,78,-214,-144,39,39,39
TV-054,55,39,78,-233,-158,39,39,39
TV-054,60,39,78,-252,-170,39,39,39
TV-055,5,106,106,107,101,101,106,106
TV-055,10,101,106,108,97,96,101,101
TV-055,15,96,106,109,94,92,96,96
TV-055,20,92,106,110,91,88,92,92
TV-055,25,89,106,111,87,85,89,89
TV-055,30,86,106,112,85,81,86,86
TV-055,35,83,106,113,82,78,83,83
TV-055,40,81,106,114,80,76,81,81
TV-055,45,79,106,115,77,73,79,79
TV-055,50,77,106,115,75,71,78,77
TV-055,55,76,106,116,73,69,77,76
TV-055,60,75,106,117,72,67,76,75
TV-056,5,92,92,93,88,87,92,92
TV-056,10,88,92,93,84,83,88,88
TV-056,15,84,92,93,80,79,84,84
TV-056,20,80,92,93,76,75,81,80
TV-056,25,77,92,93,73,72,78,77
TV-056,30,75,92,93,69,68,75,75
TV-056,35,72,92,94,67,65,73,72
TV-056,40,70,92,94,64,63,71,70
TV-056,45,69,92,94,61,60,69,69
TV-056,50,68,92,94,59,58,68,68
TV-056,55,67,92,94,57,56,67,67
TV-056,60,66,92,94,55,54,67,66
TV-058,5,75,75,75,71,71,75,75
TV-058,10,71,75,74,68,68,72,71
TV-058,15,68,75,74,64,65,68,68
TV-058,20,66,75,74,61,62,66,66
TV-058,25,64,75,74,59,59,63,64
TV-058,30,62,75,74,56,57,61,62
TV-058,35,61,75,73,53,55,59,61
TV-058,40,59,75,73,51,53,58,59
TV-058,45,59,75,73,49,51,57,59
TV-058,50,58,75,73,47,50,56,58
TV-058,55,58,75,73,46,48,55,58
TV-058,60,58,75,73,44,47,55,58
TV-059,5,76,76,83,78,78,76,76
TV-059,10,77,76,89,79,79,77,77
TV-059,15,79,76,94,80,81,78,79
TV-059,20,80,76,99,81,82,79,80
TV-059,25,81,76,104,82,83,80,81
TV-059,30,82,76,109,83,84,81,82
TV-059,35,84,76,113,84,85,81,84
TV-059,40,85,76,117,84,86,82,85
TV-059,45,86,76,121,85,87,82,86
TV-059,50,86,76,125,86,88,82,86
TV-059,55,87,76,128,86,88,82,87
TV-059,60,88,76,131,87,89,82,88
TV-060,5,71,71,67,67,68,71,71
TV-060,10,67,71,64,64,66,67,67
TV-060,15,65,71,61,61,63,64,65
TV-060,20,62,71,58,58,61,62,62
TV-060,25,60,71,55,56,60,59,60
TV-060,30,59,71,53,53,58,57,59
TV-060,35,58,71,50,51,56,55,58
TV-060,40,57,71,48,49,55,54,57
TV-060,45,56,71,46,47,54,52,56
TV-060,50,56,71,44,46,53,51,56
TV-060,55,56,71,42,44,52,50,56
TV-060,60,57,71,41,43,51,50,57
TV-062,5,85,85,97,92,93,85,85
TV-062,10,92,85,107,99,100,92,92
TV-062,15,98,85,117,105,107,98,98
TV-062,20,104,85,126,111,113,104,104
TV-062,25,110,85,135,117,119,109,110
TV-062,30,115,85,143,122,124,113,115
TV-062,35,119,85,151,126,129,117,119
TV-062,40,122,85,158,130,134,120,122
TV-062,45,126,85,165,134,138,122,126
TV-062,50,128,85,171,138,141,124,128
TV-062,55,130,85,177,141,145,126,130
TV-062,60,131,85,182,144,148,126,131
TV-063,5,109,109,132,126,127,109,109
TV-063,10,126,109,153,141,142,126,126
TV-063,15,140,109,173,156,157,140,140
TV-063,20,154,109,191,169,170,154,154
TV-063,25,166,109,209,181,183,165,166
TV-063,30,176,109,225,193,194,176,176
TV-063,35,185,109,240,203,204,185,185
TV-063,40,193,109,254,213,214,192,193
TV-063,45,199,109,268,222,222,198,199
TV-063,50,204,109,280,230,230,203,204
TV-063,55,207,109,292,237,237,206,207
TV-063,60,209,109,302,244,243,208,209
TV-064,5,121,121,103,104,102,121,121
TV-064,10,104,121,85,89,83,104,104
TV-064,15,88,121,69,74,67,88,88
TV-064,20,74,121,54,60,51,74,74
TV-064,25,60,121,39,48,39,61,60
TV-064,30,49,121,26,36,39,49,49
TV-064,35,39,121,13,26,39,39,39
TV-064,40,39,121,1,16,39,39,39
TV-064,45,39,121,-10,7,39,39,39
TV-064,50,39,121,-20,-2,39,39,39
TV-064,55,39,121,-29,-9,39,39,39
TV-064,60,39,121,-38,-16,39,39,39
TV-065,5,119,119,111,110,108,119,119
TV-065,10,111,119,103,101,97,111,111
TV-065,15,104,119,95,93,88,104,104
TV-065,20,98,119,89,86,79,97,98
TV-065,25,92,119,82,79,70,91,92
TV-065,30,87,119,76,72,63,85,87
TV-065,35,82,119,70,66,55,80,82
TV-065,40,79,119,65,61,49,75,79
TV-065,45,75,119,60,56,43,71,75
TV-065,50,73,119,55,51,39,68,73
TV-065,55,71,119,51,47,39,65,71
TV-065,60,70,119,47,43,39,62,70
TV-066,5,101,101,88,88,86,101,101
TV-066,10,89,101,75,75,71,88,89
TV-066,15,77,101,63,63,58,77,77
TV-066,20,67,101,52,52,46,66,67
TV-066,25,58,101,42,42,39,57,58
TV-066,30,49,101,32,33,39,48,49
TV-066,35,42,101,23,25,39,41,42
TV-066,40,39,101,15,17,39,39,39
TV-066,45,39,101,7,9,39,39,39
TV-066,50,39,101,-1,3,39,39,39
TV-066,55,39,101,-8,-3,39,39,39
TV-066,60,39,101,-14,-9,39,39,39
TV-067,5,94,94,85,84,82,94,94
TV-067,10,85,94,76,74,71,85,85
TV-067,15,76,94,67,65,61,77,76
TV-067,20,68,94,59,57,51,69,68
TV-067,25,61,94,52,49,43,62,61
TV-067,30,54,94,45,42,39,56,54
TV-067,35,47,94,38,36,39,51,47
TV-067,40,42,94,32,29,39,46,42
TV-067,45,39,94,27,24,39,41,39
TV-067,50,39,94,21,19,39,39,39
TV-067,55,39,94,17,14,39,39,39
TV-067,60,39,94,12,10,39,39,39
TV-068,5,90,90,84,83,81,90,90
TV-068,10,84,90,78,76,73,84,84
TV-068,15,78,90,72,69,65,78,78
TV-068,20,73,90,67,63,58,73,73
TV-068,25,68,90,62,57,52,68,68
TV-068,30,64,90,57,52,46,64,64
TV-068,35,60,90,53,48,40,60,60
TV-068,40,56,90,49,43,39,56,56
TV-068,45,53,90,45,39,39,53,53
TV-068,50,50,90,41,35,39,51,50
TV-068,55,47,90,38,32,39,48,47
TV-068,60,45,90,35,29,39,46,45
TV-069,5,87,87,83,82,81,87,87
TV-069,10,83,87,80,77,75,83,83
TV-069,15,79,87,76,73,70,80,79
TV-069,20,76,87,73,69,65,77,76
TV-069,25,73,87,71,65,60,74,73
TV-069,30,70,87,68,62,56,71,70
TV-069,35,66,87,65,58,52,69,66
TV-069,40,64,87,63,55,48,66,64
TV-069,45,61,87,61,53,45,64,61
TV-069,50,58,87,59,50,42,62,58
TV-069,55,55,87,57,48,39,60,55
TV-069,60,53,87,55,46,39,59,53
TV-070,5,78,78,71,71,70,78,78
TV-070,10,71,78,65,64,62,72,71
TV-070,15,65,78,59,58,55,66,65
TV-070,20,59,78,53,53,49,60,59
TV-070,25,54,78,48,47,43,55,54
TV-070,30,49,78,43,42,39,51,49
TV-070,35,44,78,38,38,39,47,44
TV-070,40,40,78,34,34,39,43,40
TV-070,45,39,78,30,30,39,40,39
TV-070,50,39,78,26,26,39,39,39
TV-070,55,39,78,23,23,39,39,39
TV-070,60,39,78,20,20,39,39,39
TV-072,5,129,129,117,118,116,129,129
TV-072,10,118,129,106,107,104,118,118
TV-072,15,108,129,96,97,93,108,108
TV-072,20,98,129,86,88,82,98,98
TV-072,25,90,129,77,79,73,90,90
TV-072,30,82,129,68,71,64,82,82
TV-072,35,75,129,60,64,56,76,75
TV-072,40,69,129,52,57,48,70,69
TV-072,45,63,129,45,51,42,65,63
TV-072,50,59,129,39,46,39,61,59
TV-072,55,55,129,33,40,39,58,55
TV-072,60,53,129,27,36,39,55,53
TV-073,5,105,105,86,87,85,105,105
TV-073,10,87,105,67,70,67,87,87
TV-073,15,70,105,50,55,51,70,70
TV-073,20,54,105,34,41,39,56,54
TV-073,25,40,105,19,27,39,42,40
TV-073,30,39,105,5,15,39,39,39
TV-073,35,39,105,-8,4,39,39,39
TV-073,40,39,105,-21,-7,39,39,39
TV-073,45,39,105,-32,-17,39,39,39
TV-073,50,39,105,-43,-25,39,39,39
TV-073,55,39,105,-53,-34,39,39,39
TV-073,60,39,105,-62,-41,39,39,39
TV-074,5,95,95,81,81,80,95,95
TV-074,10,82,95,67,68,66,82,82
TV-074,15,70,95,55,56,53,70,70
TV-074,20,58,95,43,44,41,59,58
TV-074,25,48,95,32,34,39,49,48
TV-074,30,39,95,22,24,39,40,39
TV-074,35,39,95,12,15,39,39,39
TV-074,40,39,95,3,7,39,39,39
TV-074,45,39,95,-6,-1,39,39,39
TV-074,50,39,95,-14,-8,39,39,39
TV-074,55,39,95,-21,-14,39,39,39
TV-074,60,39,95,-28,-20,39,39,39
TV-075,5,90,90,82,80,80,90,90
TV-075,10,82,90,74,72,70,82,82
TV-075,15,75,90,66,63,61,75,75
TV-075,20,68,90,59,56,53,68,68
TV-075,25,62,90,52,48,46,62,62
TV-075,30,57,90,46,42,39,57,57
TV-075,35,52,90,40,36,39,52,52
TV-075,40,48,90,35,30,39,48,48
TV-075,45,45,90,30,25,39,44,45
TV-075,50,42,90,25,20,39,42,42
TV-075,55,40,90,21,16,39,39,40
TV-075,60,39,90,17,12,39,39,39
TV-076,5,86,86,81,80,79,86,86
TV-076,10,81,86,76,73,73,81,81
TV-076,15,77,86,72,68,67,77,77
TV-076,20,72,86,68,63,61,73,72
TV-076,25,69,86,64,58,56,70,69
TV-076,30,65,86,60,53,51,66,65
TV-076,35,62,86,57,49,47,64,62
TV-076,40,59,86,54,45,43,61,59
TV-076,45,57,86,51,42,40,59,57
TV-076,50,54,86,48,39,39,57,54
TV-076,55,52,86,46,36,39,56,52
TV-076,60,50,86,43,33,39,55,50
TV-077,5,78,78,71,71,70,78,78
TV-077,10,72,78,65,64,63,72,72
TV-077,15,66,78,59,57,56,66,66
TV-077,20,61,78,54,52,50,61,61
TV-077,25,56,78,49,46,45,57,56
TV-077,30,52,78,44,41,39,53,52
TV-077,35,48,78,40,36,39,49,48
TV-077,40,45,78,35,32,39,47,45
TV-077,45,42,78,32,28,39,44,42
TV-077,50,39,78,28,24,39,42,39
TV-077,55,39,78,25,21,39,41,39
TV-077,60,39,78,21,18,39,40,39
TV-078,5,82,82,82,80,80,82,82
TV-078,10,82,82,82,78,78,82,82
TV-078,15,81,82,81,77,77,81,81
TV-078,20,81,82,81,75,75,81,81
TV-078,25,81,82,81,74,74,81,81
TV-078,30,80,82,81,73,72,81,80
TV-078,35,80,82,81,72,71,81,80
TV-078,40,80,82,81,71,70,81,80
TV-078,45,80,82,80,70,69,81,80
TV-078,50,79,82,80,69,68,80,79
TV-078,55,79,82,80,68,67,80,79
TV-078,60,78,82,80,67,66,80,78
TV-079,5,71,71,65,65,64,71,71
TV-079,10,65,71,58,58,58,65,65
TV-079,15,59,71,53,53,52,59,59
TV-079,20,54,71,47,48,47,55,54
TV-079,25,50,71,42,43,42,50,50
TV-079,30,46,71,37,38,39,47,46
TV-079,35,43,71,33,34,39,44,43
TV-079,40,40,71,29,30,39,41,40
TV-079,45,39,71,25,27,39,39,39
TV-079,50,39,71,21,24,39,39,39
TV-079,55,39,71,18,21,39,39,39
TV-079,60,39,71,15,18,39,39,39
TV-080,5,71,71,68,68,68,71,71
TV-080,10,68,71,66,65,65,69,68
TV-080,15,66,71,64,62,62,66,66
TV-080,20,64,71,61,60,60,64,64
TV-080,25,63,71,59,57,58,63,63
TV-080,30,61,71,58,55,56,61,61
TV-080,35,60,71,56,53,54,60,60
TV-080,40,59,71,54,51,52,59,59
TV-080,45,59,71,53,50,50,58,59
TV-080,50,58,71,51,48,49,58,58
TV-080,55,58,71,50,47,48,57,58
TV-080,60,57,71,48,45,47,57,57
TV-081,5,77,77,79,78,79,77,77
TV-081,10,79,77,82,80,80,79,79
TV-081,15,81,77,84,81,81,81,81
TV-081,20,83,77,86,82,83,83,83
TV-081,25,85,77,88,83,84,84,85
TV-081,30,87,77,90,84,85,85,87
TV-081,35,88,77,91,84,86,86,88
TV-081,40,90,77,93,85,87,86,90
TV-081,45,91,77,94,86,88,87,91
TV-081,50,92,77,96,87,88,87,92
TV-081,55,92,77,97,87,89,86,92
TV-081,60,93,77,98,88,90,86,93
TV-082,5,93,93,101,99,100,93,93
TV-082,10,100,93,108,105,106,100,100
TV-082,15,106,93,115,111,112,106,106
TV-082,20,112,93,121,116,117,112,112
TV-082,25,117,93,127,121,122,117,117
TV-082,30,122,93,133,125,126,122,122
TV-082,35,126,93,138,129,130,126,126
TV-082,40,130,93,143,133,133,129,130
TV-082,45,132,93,147,136,137,132,132
TV-082,50,135,93,152,139,140,134,135
TV-082,55,136,93,156,142,142,135,136
TV-082,60,137,93,159,145,145,135,137
TV-083,5,93,93,101,99,100,93,93
TV-083,10,100,93,108,105,106,100,100
TV-083,15,106,93,115,111,111,106,106
TV-083,20,112,93,121,116,116,112,112
TV-083,25,117,93,127,121,121,117,117
TV-083,30,122,93,133,125,125,121,122
TV-083,35,126,93,138,129,129,125,126
TV-083,40,130,93,143,133,133,128,130
TV-083,45,133,93,147,136,136,130,133
TV-083,50,135,93,152,139,139,132,135
TV-083,55,136,93,156,142,142,132,136
TV-083,60,137,93,159,145,144,133,137
TV-084,5,82,82,93,90,90,82,82
TV-084,10,91,82,102,96,97,92,91
TV-084,15,100,82,112,103,103,100,100
TV-084,20,108,82,120,109,109,108,108
TV-084,25,115,82,129,115,115,115,115
TV-084,30,121,82,136,120,120,121,121
TV-084,35,126,82,143,125,124,126,126
TV-084,40,130,82,150,129,128,131,130
TV-084,45,133,82,156,133,132,134,133
TV-084,50,135,82,162,137,135,136,135
TV-084,55,137,82,168,140,138,138,137
TV-084,60,137,82,173,143,140,138,137
TV-085,5,98,98,113,110,110,98,98
TV-085,10,111,98,126,121,121,111,111
TV-085,15,123,98,139,131,131,123,123
TV-085,20,134,98,151,141,140,134,134
TV-085,25,144,98,163,149,148,144,144
TV-085,30,152,98,173,158,156,152,152
TV-085,35,159,98,183,165,163,159,159
TV-085,40,165,98,192,172,169,165,165
TV-085,45,170,98,201,178,175,170,170
TV-085,50,173,98,209,184,180,173,173
TV-085,55,175,98,217,190,185,175,175
TV-085,60,176,98,224,194,189,176,176
TV-087,5,91,65,72,68,67,65,91
TV-087,10,95,65,78,71,69,69,95
TV-087,15,100,65,85,74,71,74,100
TV-087,20,104,65,90,77,72,78,104
TV-087,25,108,65,96,79,74,81,108
TV-087,30,112,65,101,81,75,84,112
TV-087,35,115,65,106,83,76,87,115
TV-087,40,119,65,110,85,77,90,119
TV-087,45,122,65,114,87,77,92,122
TV-087,50,124,65,118,88,78,94,124
TV-087,55,127,65,122,90,78,96,127
TV-087,60,129,65,125,91,79,97,129
TV-088,5,91,55,62,58,56,55,91
TV-088,10,95,55,68,61,58,59,95
TV-088,15,100,55,75,64,59,64,100
TV-088,20,104,55,80,67,59,68,104
TV-088,25,108,55,86,69,60,71,108
TV-088,30,112,55,91,71,61,75,112
TV-088,35,115,55,96,73,61,78,115
TV-088,40,119,55,100,75,61,80,119
TV-088,45,122,55,104,77,61,83,122
TV-088,50,124,55,108,78,61,85,124
TV-088,55,127,55,112,80,61,87,127
TV-088,60,129,55,115,81,61,88,129
TV-089,5,91,250,257,253,255,250,91
TV-089,10,95,250,263,256,259,254,95
TV-089,15,100,250,270,259,263,259,100
TV-089,20,104,250,275,262,267,263,104
TV-089,25,108,250,281,264,271,266,108
TV-089,30,112,250,286,266,274,269,112
TV-089,35,115,250,291,268,277,272,115
TV-089,40,119,250,295,270,280,275,119
TV-089,45,122,250,299,272,283,277,122
TV-089,50,124,250,303,273,285,279,124
TV-089,55,127,250,307,275,288,281,127
TV-089,60,129,250,310,276,290,282,129
TV-090,5,91,300,307,303,303,300,91
TV-090,10,95,300,313,306,307,304,95
TV-090,15,100,300,320,309,310,309,100
TV-090,20,104,300,325,312,312,313,104
TV-090,25,108,300,331,314,315,316,108
TV-090,30,112,300,336,316,317,319,112
TV-090,35,115,300,341,318,319,322,115
TV-090,40,119,300,345,320,321,325,119
TV-090,45,122,300,349,322,323,327,122
TV-090,50,124,300,353,323,324,330,124
TV-090,55,127,300,357,325,326,331,127
TV-090,60,129,300,360,326,327,333,129
TV-091,5,91,120,127,123,118,120,91
TV-091,10,95,120,133,126,117,124,95
TV-091,15,100,120,140,129,115,129,100
TV-091,20,104,120,145,132,113,133,104
TV-091,25,108,120,151,134,111,136,108
TV-091,30,112,120,156,136,108,140,112
TV-091,35,115,120,161,138,106,143,115
TV-091,40,119,120,165,140,104,146,119
TV-091,45,122,120,169,142,102,148,122
TV-091,50,124,120,173,143,99,150,124
TV-091,55,127,120,177,145,97,152,127
TV-091,60,129,120,180,146,94,154,129
TV-092,5,91,100,107,103,103,100,91
TV-092,10,95,100,113,106,107,104,95
TV-092,15,100,100,120,109,110,109,100
TV-092,20,104,100,125,112,112,113,104
TV-092,25,108,100,131,114,115,116,108
TV-092,30,112,100,136,116,117,119,112
TV-092,35,115,100,141,118,119,122,115
TV-092,40,119,100,145,120,121,125,119
TV-092,45,122,100,149,122,123,127,122
TV-092,50,124,100,153,123,124,130,124
TV-092,55,127,100,157,125,126,131,127
TV-092,60,129,100,160,126,127,133,129
TV-093,5,91,180,187,183,182,180,91
TV-093,10,95,180,193,186,184,184,95
TV-093,15,100,180,200,189,186,189,100
TV-093,20,104,180,205,192,187,193,104
TV-093,25,108,180,211,194,189,196,108
TV-093,30,112,180,216,196,190,199,112
TV-093,35,115,180,221,198,191,202,115
TV-093,40,119,180,225,200,192,205,119
TV-093,45,122,180,229,202,192,207,122
TV-093,50,124,180,233,203,193,209,124
TV-093,55,127,180,237,205,193,211,127
TV-093,60,129,180,240,206,194,212,129
TV-094,5,91,70,77,73,73,70,91
TV-094,10,95,70,83,76,77,74,95
TV-094,15,100,70,90,79,80,79,100
TV-094,20,104,70,95,82,82,83,104
TV-094,25,108,70,101,84,85,86,108
TV-094,30,112,70,106,86,87,89,112
TV-094,35,115,70,111,88,89,92,115
TV-094,40,119,70,115,90,91,95,119
TV-094,45,122,70,119,92,93,97,122
TV-094,50,124,70,123,93,94,100,124
TV-094,55,127,70,127,95,96,101,127
TV-094,60,129,70,130,96,97,103,129
TV-095,5,91,140,147,143,146,140,91
TV-095,10,95,140,153,146,152,144,95
TV-095,15,100,140,160,149,157,149,100
TV-095,20,104,140,165,152,162,153,104
TV-095,25,108,140,171,154,167,156,108
TV-095,30,112,140,176,156,171,160,112
TV-095,35,115,140,181,158,176,163,115
TV-095,40,119,140,185,160,179,165,119
TV-095,45,122,140,189,162,183,168,122
TV-095,50,124,140,193,163,187,170,124
TV-095,55,127,140,197,165,190,172,127
TV-095,60,129,140,200,166,193,174,129
TV-096,5,91,80,87,83,80,80,91
TV-096,10,95,80,93,86,79,84,95
TV-096,15,100,80,100,89,78,89,100
TV-096,20,104,80,105,92,78,93,104
TV-096,25,108,80,111,94,77,96,108
TV-096,30,112,80,116,96,76,100,112
TV-096,35,115,80,121,98,74,103,115
TV-096,40,119,80,125,100,73,106,119
TV-096,45,122,80,129,102,72,108,122
TV-096,50,124,80,133,103,70,110,124
TV-096,55,127,80,137,105,69,112,127
TV-096,60,129,80,140,106,68,114,129
TV-097,5,91,200,207,203,203,200,91
TV-097,10,95,200,213,206,206,204,95
TV-097,15,100,200,220,209,208,209,100
TV-097,20,104,200,225,212,210,212,104
TV-097,25,108,200,231,214,212,216,108
TV-097,30,112,200,236,216,214,218,112
TV-097,35,115,200,241,218,216,221,115
TV-097,40,119,200,245,220,217,223,119
TV-097,45,122,200,249,222,219,225,122
TV-097,50,124,200,253,223,220,226,124
TV-097,55,127,200,257,225,221,228,127
TV-097,60,129,200,260,226,222,229,129
TV-098,5,91,110,117,113,113,110,91
TV-098,10,95,110,123,116,117,114,95
TV-098,15,100,110,130,119,120,119,100
TV-098,20,104,110,135,122,122,123,104
TV-098,25,108,110,141,124,125,126,108
TV-098,30,112,110,146,126,127,129,112
TV-098,35,115,110,151,128,129,132,115
TV-098,40,119,110,155,130,131,135,119
TV-098,45,122,110,159,132,133,137,122
TV-098,50,124,110,163,133,134,140,124
TV-098,55,127,110,167,135,136,141,127
TV-098,60,129,110,170,136,137,143,129
TV-099,5,91,95,102,98,98,95,91
TV-099,10,95,95,108,101,100,99,95
TV-099,15,100,95,115,104,102,104,100
TV-099,20,104,95,120,107,104,107,104
TV-099,25,108,95,126,109,106,111,108
TV-099,30,112,95,131,111,108,114,112
TV-099,35,115,95,136,113,109,117,115
TV-099,40,119,95,140,115,110,119,119
TV-099,45,122,95,144,117,112,121,122
TV-099,50,124,95,148,118,112,123,124
TV-099,55,127,95,152,120,113,124,127
TV-099,60,129,95,155,121,114,125,129
TV-100,5,91,170,177,173,174,170,91
TV-100,10,95,170,183,176,178,174,95
TV-100,15,100,170,190,179,182,179,100
TV-100,20,104,170,195,182,185,182,104
TV-100,25,108,170,201,184,188,186,108
TV-100,30,112,170,206,186,191,189,112
TV-100,35,115,170,211,188,194,192,115
TV-100,40,119,170,215,190,197,194,119
TV-100,45,122,170,219,192,199,196,122
TV-100,50,124,170,223,193,201,198,124
TV-100,55,127,170,227,195,203,199,127
TV-100,60,129,170,230,196,205,200,129
TV-101,5,91,130,137,133,132,130,91
TV-101,10,95,130,143,136,133,134,95
TV-101,15,100,130,150,139,134,139,100
TV-101,20,104,130,155,142,135,143,104
TV-101,25,108,130,161,144,136,146,108
TV-101,30,112,130,166,146,137,149,112
TV-101,35,115,130,171,148,138,152,115
TV-101,40,119,130,175,150,138,155,119
TV-101,45,122,130,179,152,138,158,122
TV-101,50,124,130,183,153,138,160,124
TV-101,55,127,130,187,155,139,162,127
TV-101,60,129,130,190,156,138,163,129
TV-102,5,91,85,92,88,88,85,91
TV-102,10,95,85,98,91,91,89,95
TV-102,15,100,85,105,94,94,93,100
TV-102,20,104,85,110,97,96,97,104
TV-102,25,108,85,116,99,99,100,108
TV-102,30,112,85,121,101,101,103,112
TV-102,35,115,85,126,103,102,105,115
TV-102,40,119,85,130,105,104,107,119
TV-102,45,122,85,134,107,106,108,122
TV-102,50,124,85,138,108,107,110,124
TV-102,55,127,85,142,110,108,110,127
TV-102,60,129,85,145,111,109,111,129
TV-103,5,91,220,227,223,221,220,91
TV-103,10,95,220,233,226,222,224,95
TV-103,15,100,220,240,229,222,229,100
TV-103,20,104,220,245,232,222,233,104
TV-103,25,108,220,251,234,223,236,108
TV-103,30,112,220,256,236,223,240,112
TV-103,35,115,220,261,238,223,243,115
TV-103,40,119,220,265,240,222,245,119
TV-103,45,122,220,269,242,222,248,122
TV-103,50,124,220,273,243,222,250,124
TV-103,55,127,220,277,245,221,252,127
TV-103,60,129,220,280,246,221,254,129
TV-104,5,91,75,82,78,78,75,91
TV-104,10,95,75,88,81,82,79,95
TV-104,15,100,75,95,84,85,84,100
TV-104,20,104,75,100,87,87,88,104
TV-104,25,108,75,106,89,90,91,108
TV-104,30,112,75,111,91,92,94,112
TV-104,35,115,75,116,93,94,97,115
TV-104,40,119,75,120,95,96,100,119
TV-104,45,122,75,124,97,98,102,122
TV-104,50,124,75,128,98,99,105,124
TV-104,55,127,75,132,100,101,106,127
TV-104,60,129,75,135,101,102,108,129
TV-105,5,91,160,167,163,162,160,91
TV-105,10,95,160,173,166,164,164,95
TV-105,15,100,160,180,169,166,169,100
TV-105,20,104,160,185,172,167,173,104
TV-105,25,108,160,191,174,169,176,108
TV-105,30,112,160,196,176,170,179,112
TV-105,35,115,160,201,178,171,182,115
TV-105,40,119,160,205,180,172,185,119
TV-105,45,122,160,209,182,172,187,122
TV-105,50,124,160,213,183,173,189,124
TV-105,55,127,160,217,185,173,191,127
TV-105,60,129,160,220,186,174,192,129
TV-106,5,91,90,97,93,92,90,91
TV-106,10,95,90,103,96,95,94,95
TV-106,15,100,90,110,99,97,99,100
TV-106,20,104,90,115,102,98,102,104
TV-106,25,108,90,121,104,100,106,108
TV-106,30,112,90,126,106,101,109,112
TV-106,35,115,90,131,108,103,112,115
TV-106,40,119,90,135,110,104,114,119
TV-106,45,122,90,139,112,104,117,122
TV-106,50,124,90,143,113,105,119,124
TV-106,55,127,90,147,115,106,120,127
TV-106,60,129,90,150,116,106,121,129
TV-107,5,91,105,112,108,108,105,91
TV-107,10,95,105,118,111,112,109,95
TV-107,15,100,105,125,114,115,114,100
TV-107,20,104,105,130,117,117,118,104
TV-107,25,108,105,136,119,120,121,108
TV-107,30,112,105,141,121,122,124,112
TV-107,35,115,105,146,123,124,127,115
TV-107,40,119,105,150,125,126,130,119
TV-107,45,122,105,154,127,128,132,122
TV-107,50,124,105,158,128,129,135,124
TV-107,55,127,105,162,130,131,136,127
TV-107,60,129,105,165,131,132,138,129
TV-108,5,91,115,122,118,119,115,91
TV-108,10,95,115,128,121,123,119,95
TV-108,15,100,115,135,124,126,124,100
TV-108,20,104,115,140,127,129,127,104
TV-108,25,108,115,146,129,132,130,108
TV-108,30,112,115,151,131,135,133,112
TV-108,35,115,115,156,133,137,136,115
TV-108,40,119,115,160,135,140,138,119
TV-108,45,122,115,164,137,142,140,122
TV-108,50,124,115,168,138,144,141,124
TV-108,55,127,115,172,140,145,143,127
TV-108,60,129,115,175,141,147,144,129